name,size,unique_x,unique_t,negation_closed,mu6_closed,m,coverage,probability,sample_hits
quotient_reps_832,832,832,832,False,False,1,832,0.16663328660124174,337
quotient_reps_832,832,832,832,False,False,2,4992,0.9997997196074504,2000
quotient_reps_832,832,832,832,False,False,3,4993,1.0,2000
lattes_full_nonzero,4992,2496,832,True,True,,,,
suborbit13_reps,13,13,13,False,False,1,13,0.0026036451031444022,5
suborbit13_reps,13,13,13,False,False,2,88,0.017624674544362107,42
suborbit13_reps,13,13,13,False,False,3,407,0.08151411976767474,182
suborbit13_reps,13,13,13,False,False,4,1376,0.2755858201482075,539
suborbit64_reps,64,64,64,False,False,1,64,0.012817945123172442,35
suborbit64_reps,64,64,64,False,False,2,1728,0.3460845183256559,689
suborbit64_reps,64,64,64,False,False,3,4993,1.0,2000
suborbit13_mu6_saturated,78,39,13,True,True,1,78,0.015621870618866412,25
suborbit13_mu6_saturated,78,39,13,True,True,2,2419,0.48447826957740836,1003
suborbit13_mu6_saturated,78,39,13,True,True,3,4993,1.0,2000
suborbit64_mu6_saturated,384,192,64,True,True,1,384,0.07690767073903465,183
suborbit64_mu6_saturated,384,192,64,True,True,2,4993,1.0,2000
quotient_prefix_4,4,4,4,False,False,1,4,0.0008011215701982776,0
quotient_prefix_4,4,4,4,False,False,2,10,0.002002803925495694,3
quotient_prefix_4,4,4,4,False,False,3,20,0.004005607850991388,5
quotient_prefix_4,4,4,4,False,False,4,35,0.007009813739234929,18
quotient_prefix_8,8,8,8,False,False,1,8,0.0016022431403965552,1
quotient_prefix_8,8,8,8,False,False,2,36,0.0072100941317844985,19
quotient_prefix_8,8,8,8,False,False,3,119,0.02383336671339876,61
quotient_prefix_8,8,8,8,False,False,4,320,0.06408972561586221,118
quotient_prefix_13,13,13,13,False,False,1,13,0.0026036451031444022,2
quotient_prefix_13,13,13,13,False,False,2,91,0.018225515722010813,34
quotient_prefix_13,13,13,13,False,False,3,443,0.08872421389945924,188
quotient_prefix_13,13,13,13,False,False,4,1583,0.31704386140596835,632
quotient_prefix_16,16,16,16,False,False,1,16,0.0032044862807931104,4
quotient_prefix_16,16,16,16,False,False,2,136,0.02723813338674144,45
quotient_prefix_16,16,16,16,False,False,3,782,0.15661926697376327,343
quotient_prefix_16,16,16,16,False,False,4,2873,0.5754055677949129,1138
quotient_prefix_32,32,32,32,False,False,1,32,0.006408972561586221,11
quotient_prefix_32,32,32,32,False,False,2,508,0.10174243941518125,194
quotient_prefix_32,32,32,32,False,False,3,3564,0.7137993190466654,1443
quotient_prefix_32,32,32,32,False,False,4,4993,1.0,2000
quotient_prefix_64,64,64,64,False,False,1,64,0.012817945123172442,17
quotient_prefix_64,64,64,64,False,False,2,1808,0.3621069497296215,735
quotient_prefix_64,64,64,64,False,False,3,4991,0.9995994392149009,2000
quotient_prefix_64,64,64,64,False,False,4,4993,1.0,2000
t_height_le_4,6,3,1,True,True,1,6,0.0012016823552974164,4
t_height_le_4,6,3,1,True,True,2,19,0.0038053274584418186,8
t_height_le_4,6,3,1,True,True,3,37,0.0074103745243340674,15
t_height_le_4,6,3,1,True,True,4,61,0.012217103945523734,27
t_height_le_8,18,9,3,True,True,1,18,0.0036050470658922492,5
t_height_le_8,18,9,3,True,True,2,163,0.03264570398557981,70
t_height_le_8,18,9,3,True,True,3,823,0.1648307630682956,329
t_height_le_8,18,9,3,True,True,4,2503,0.5013018225515722,996
t_height_le_16,42,21,7,True,True,1,42,0.008411776487081914,16
t_height_le_16,42,21,7,True,True,2,817,0.1636290807129982,311
t_height_le_16,42,21,7,True,True,3,4429,0.8870418586020429,1791
t_height_le_16,42,21,7,True,True,4,4993,1.0,2000
t_height_le_32,66,33,11,True,True,1,66,0.01321850590827158,27
t_height_le_32,66,33,11,True,True,2,1759,0.3522932104946926,674
t_height_le_32,66,33,11,True,True,3,4987,0.9987983176447026,1999
t_height_le_32,66,33,11,True,True,4,4993,1.0,2000
t_height_le_64,120,60,20,True,True,1,120,0.024033647105948328,42
t_height_le_64,120,60,20,True,True,2,3907,0.7824954936911677,1540
t_height_le_64,120,60,20,True,True,3,4993,1.0,2000
t_height_le_128,240,120,40,True,True,1,240,0.048067294211896656,95
t_height_le_128,240,120,40,True,True,2,4993,1.0,2000
t_height_le_256,480,240,80,True,True,1,480,0.09613458842379331,209
t_height_le_256,480,240,80,True,True,2,4993,1.0,2000
x_height_le_4,12,6,6,True,False,1,12,0.002403364710594833,6
x_height_le_4,12,6,6,True,False,2,73,0.014620468656118567,45
x_height_le_4,12,6,6,True,False,3,304,0.0608852393350691,124
x_height_le_4,12,6,6,True,False,4,927,0.18565992389345082,366
x_height_le_8,20,10,10,True,False,1,20,0.004005607850991388,8
x_height_le_8,20,10,10,True,False,2,195,0.03905467654716603,98
x_height_le_8,20,10,10,True,False,3,1148,0.22992189064690566,464
x_height_le_8,20,10,10,True,False,4,3631,0.7272181053474864,1482
x_height_le_16,36,18,18,True,False,1,36,0.0072100941317844985,16
x_height_le_16,36,18,18,True,False,2,585,0.1171640296414981,254
x_height_le_16,36,18,18,True,False,3,3676,0.7362307230122171,1467
x_height_le_16,36,18,18,True,False,4,4993,1.0,2000
x_height_le_32,72,36,36,True,False,1,72,0.014420188263568997,29
x_height_le_32,72,36,36,True,False,2,2035,0.4075705988383737,811
x_height_le_32,72,36,36,True,False,3,4993,1.0,2000
x_height_le_64,150,75,75,True,False,1,150,0.03004205888243541,58
x_height_le_64,150,75,75,True,False,2,4525,0.9062687762868015,1811
x_height_le_64,150,75,75,True,False,3,4993,1.0,2000
x_height_le_128,244,122,120,True,False,1,244,0.048868415782094936,86
x_height_le_128,244,122,120,True,False,2,4983,0.9979971960745043,1992
x_height_le_128,244,122,120,True,False,3,4993,1.0,2000
